{"file_hashes":[{"block_hashes":["Th+MBN479vDmF0in/Pga2BsZdakAzy60SQ1yIv3lFrQ="],"block_size":4096,"path":"background.js"},{"block_hashes":["E8EwFZhGzKAnjFQDNMRB4XIMaHfBs9Ba/mMhSTt/X0s="],"block_size":4096,"path":"data/icons/OFF/128.png"},{"block_hashes":["6GGZMaYYJ+ns9m0DQz8MbeWY9dvgiL89ncgMgoBXNQw="],"block_size":4096,"path":"data/icons/OFF/16.png"},{"block_hashes":["uSIBbvsmw/Fo27wRQbpqbV1ZLyGEnU5dC9rSqu43M1o="],"block_size":4096,"path":"data/icons/OFF/32.png"},{"block_hashes":["R1ddUe8o5OufxOpc9PVpiYGFzd/lSv01Y060YVz5iw4="],"block_size":4096,"path":"data/icons/OFF/48.png"},{"block_hashes":["Y9Bv/3KOOOghgbFboLIkQ30F94C/t0rPmaJPqAGNCfk="],"block_size":4096,"path":"data/icons/OFF/64.png"},{"block_hashes":["bKZj2pEQaJ4EYy0q/u2/056P4pLjormUuewQuhfgU9w="],"block_size":4096,"path":"data/icons/ON/128.png"},{"block_hashes":["qoiSY4BBlWIJTVQ2tgGbhCWvcJvKDmJBKtcoJibMjIs="],"block_size":4096,"path":"data/icons/ON/16.png"},{"block_hashes":["EeBj+uNVJmVplzRnSqMEHphx/gkdQfG54zysWqBNdrs="],"block_size":4096,"path":"data/icons/ON/32.png"},{"block_hashes":["Ka7fj4P+yzHhRgawbjUcbyapaSdDPcV2TIpDO7uA76E="],"block_size":4096,"path":"data/icons/ON/48.png"},{"block_hashes":["z3A2YX9sy0XwVMJE8jdIhQl5N7uOP4Qt8xxwuZeWQ8c="],"block_size":4096,"path":"data/icons/ON/64.png"},{"block_hashes":["YSnNgh2ZiEmyPbB4cWNAQbg5A2nq1GvrAZEB0s1nM44="],"block_size":4096,"path":"data/options/options.css"},{"block_hashes":["VMVZqelfn7D74xKIElIgn9H3fkkEqNrwrUK+cN8CM7g="],"block_size":4096,"path":"data/options/options.html"},{"block_hashes":["fRQTUm+4jB/C5B1l+2T5Hn5SQxrhVM/gIHed0jujNeI="],"block_size":4096,"path":"data/options/options.js"},{"block_hashes":["83g5bfGgl7Ifn4zZ363pfULXJ4yupgTFNWb7XEv6FyA="],"block_size":4096,"path":"data/popup/popup.css"},{"block_hashes":["bK8dPq7h8zc9qD3gveZivQJSMvl4XMhw5s5sfJgeY5I=","0+BbDt/0SwJ7uVeAGc0NLtlbuhSpszoBD5G1OUmKvuo="],"block_size":4096,"path":"data/popup/popup.html"},{"block_hashes":["CIfDrWmld4e6wDEQnRds43yINJVqg0QRJr7UhKhSo5s=","6rHLUjMBhwInWg+h0Y20tWSbCJtKaM0E07zTht4cq3w="],"block_size":4096,"path":"data/popup/popup.js"},{"block_hashes":["hO8hdJhQi8/KrTSeTfB/Dh6lVjzgSFwbu/RTp6wLA0Q=","rSgWUjsORLnmgMsBM01JIpAQr7zhxJ9LABFrnRR9fGA="],"block_size":4096,"path":"lib/chrome.js"},{"block_hashes":["UBQnMljcK4vjvSgBNW5nHVMJ/k0OUTIQbXMNPWluj0s=","DobAhzW+ymj78638gR7x8SE1WHNis+1hecuG0JGZ4zY="],"block_size":4096,"path":"lib/common.js"},{"block_hashes":["mENRXR5kWVnGXcU3OCRu/TcavL5nNU8rRzdBDEGGp08="],"block_size":4096,"path":"lib/config.js"},{"block_hashes":["gEJJsWsdb75Wrbkh2+hGl8yIGgRDfSnYX6BJ8gyoC80=","kcNDZEOfPzyKCXuF2USIj/FnBdJFu8QD4EU/JD0XudY="],"block_size":4096,"path":"lib/netrequest.js"},{"block_hashes":["2fI5TcFyDXWo+1IC2lykHQLCJazQ4X9Dr3+CIIzcROI="],"block_size":4096,"path":"lib/runtime.js"}],"version":2}